Workbook

Sheet Instruções
A1: Matriz de Riscos de TI – Flor de Ipê Cosméticos (empresa fictícia)
A2: Projeto de portfólio em cenário simulado. Referências: ISO 31000, ISO/IEC 27005 e NIST SP 800-30.
A4: Como ler esta planilha
A5: 1. A aba 'Escalas' explica as notas de probabilidade (chance de acontecer) e de impacto (tamanho do estrago), de 1 a 5.
A6: 2. A aba 'Matriz de Riscos' lista os 10 riscos analisados. O nível é a multiplicação Probabilidade × Impacto.
A7: 3. Cada risco tem um tratamento, uma ação, um responsável e um prazo.
A8: 4. As colunas 'residuais' mostram como o risco deve ficar DEPOIS que a ação for feita.
A9: 5. A aba 'Mapa de Calor' mostra quantos riscos estão em cada posição, antes e depois do tratamento.
A11: Legenda de cores
A12: Amarelo = informação preenchida
A13: Cinza = cálculo automático

Sheet Escalas
A1: Probabilidade – qual a chance de acontecer?
A2: Nota | B2: Nível | C2: Descrição
A3: 1 | B3: Rara | C3: Só aconteceria em situações excepcionais (menos de uma vez a cada 5 anos).
A4: 2 | B4: Improvável | C4: Pouco provável, mas possível (uma vez a cada 2 a 5 anos).
A5: 3 | B5: Possível | C5: Pode acontecer de vez em quando (cerca de uma vez por ano).
A6: 4 | B6: Provável | C6: Deve acontecer algumas vezes por ano.
A7: 5 | B7: Quase certa | C7: Acontece com frequência (todo mês ou mais) ou já está acontecendo.
A9: Impacto – qual o tamanho do estrago?
A10: Nota | B10: Nível | C10: Descrição (financeiro, operacional, legal e reputação)
A11: 1 | B11: Insignificante | C11: Quase não afeta a operação; perda financeira desprezível.
A12: 2 | B12: Menor | C12: Interrupção curta de um serviço não crítico; pequena perda financeira.
A13: 3 | B13: Moderado | C13: Serviço importante parado por algumas horas; exposição limitada de dados; reclamações de clientes.
A14: 4 | B14: Maior | C14: Sistema crítico parado por dias; vazamento de dados pessoais; possível multa.
A15: 5 | B15: Catastrófico | C15: Negócio parado por muito tempo; vazamento grande de dados; sanções da ANPD e dano sério à imagem da marca.
A17: Nível de risco = Probabilidade × Impacto
A18: Faixa | B18: Classificação | C18: O que fazer
A19: 1 a 4 | B19: Baixo | C19: Acompanhar; normalmente pode ser aceito.
A20: 5 a 9 | B20: Médio | C20: Tratar dentro do planejamento normal, com um responsável.
A21: 10 a 16 | B21: Alto | C21: Tratar com prioridade e acompanhamento da gestão.
A22: 20 a 25 | B22: Crítico | C22: Agir imediatamente e reportar à diretoria.
A24: Opções de tratamento
B25: Tratamento | C25: Quando usar
B26: Mitigar | C26: Colocar controles para diminuir a chance ou o estrago.
B27: Aceitar | C27: O risco é pequeno ou tratar custaria mais do que o próprio risco.
B28: Transferir | C28: Passar parte do risco para outra empresa (seguro, fornecedor, contrato).
B29: Evitar | C29: Deixar de fazer a atividade que gera o risco.

Sheet Matriz de Riscos
A1: ID | B1: Risco (causa → evento → consequência) | C1: Ativo afetado | D1: Categoria | E1: Probabilidade (1-5) | F1: Impacto (1-5) | G1: Nível (P×I) | H1: Classificação | I1: Controles existentes | J1: Tratamento | K1: Ação proposta | L1: Responsável | M1: Prazo | N1: Prob. residual (1-5) | O1: Impacto residual (1-5) | P1: Nível residual | Q1: Classificação residual | R1: Status
A2: R01 | B2: Como o e-mail não exige verificação em duas etapas (MFA), um funcionário que caia em um golpe de phishing pode ter a senha roubada. Com ela, o golpista entra no e-mail da empresa e acessa pedidos e dados de clientes. | C2: E-mail corporativo (Microsoft 365) | D2: Tecnologia | E2: 4 | F2: 4 | G2: =IF(OR(E2="",F2=""),"",E2*F2) -> 16 | H2: =IF(G2="","",IF(G2>=20,"Crítico",IF(G2>=10,"Alto",IF(G2>=5,"Médio","Baixo")))) -> Alto | I2: Antivírus; filtro de spam do Microsoft 365 | J2: Mitigar | K2: Ativar MFA para todos os usuários e fazer treinamento de phishing a cada semestre | L2: Coordenação de TI | M2: 30 dias | N2: 2 | O2: 3 | P2: =IF(OR(N2="",O2=""),"",N2*O2) -> 6 | Q2: =IF(P2="","",IF(P2>=20,"Crítico",IF(P2>=10,"Alto",IF(P2>=5,"Médio","Baixo")))) -> Médio | R2: Em andamento
A3: R02 | B3: Como os backups ficam no mesmo servidor e algumas máquinas estão sem atualização, um ransomware pode criptografar o ERP e os backups ao mesmo tempo, parando vendas e faturamento por dias. | C3: Servidor do ERP e backups | D3: Tecnologia | E3: 3 | F3: 5 | G3: =IF(OR(E3="",F3=""),"",E3*F3) -> 15 | H3: =IF(G3="","",IF(G3>=20,"Crítico",IF(G3>=10,"Alto",IF(G3>=5,"Médio","Baixo")))) -> Alto | I3: Antivírus; backup diário no próprio servidor | J3: Mitigar | K3: Adotar backup 3-2-1 (uma cópia fora da empresa e offline), testar a restauração todo mês e criar rotina mensal de atualizações | L3: Coordenação de TI | M3: 60 dias | N3: 2 | O3: 3 | P3: =IF(OR(N3="",O3=""),"",N3*O3) -> 6 | Q3: =IF(P3="","",IF(P3>=20,"Crítico",IF(P3>=10,"Alto",IF(P3>=5,"Médio","Baixo")))) -> Médio | R3: Não iniciado
A4: R03 | B4: Como todos os atendentes usam o mesmo perfil no ERP e no CRM, qualquer pessoa consegue ver e exportar a base completa de clientes, mesmo sem precisar disso para o trabalho. | C4: ERP e CRM | D4: Processos | E4: 4 | F4: 4 | G4: =IF(OR(E4="",F4=""),"",E4*F4) -> 16 | H4: =IF(G4="","",IF(G4>=20,"Crítico",IF(G4>=10,"Alto",IF(G4>=5,"Médio","Baixo")))) -> Alto | I4: Login individual para cada funcionário | J4: Mitigar | K4: Criar perfis de acesso por função (menor privilégio) e revisar os acessos a cada 3 meses | L4: Coordenação de TI + Gestores de área | M4: 60 dias | N4: 2 | O4: 3 | P4: =IF(OR(N4="",O4=""),"",N4*O4) -> 6 | Q4: =IF(P4="","",IF(P4>=20,"Crítico",IF(P4>=10,"Alto",IF(P4>=5,"Médio","Baixo")))) -> Médio | R4: Não iniciado
A5: R04 | B5: Como não existe um mapeamento de dados pessoais e as planilhas de clientes circulam por e-mail e WhatsApp, um vazamento pode expor dados de cerca de 25 mil clientes, gerando sanções da ANPD (LGPD) e perda de confiança na marca. | C5: Base de clientes (dados pessoais) | D5: Conformidade | E5: 4 | F5: 5 | G5: =IF(OR(E5="",F5=""),"",E5*F5) -> 20 | H5: =IF(G5="","",IF(G5>=20,"Crítico",IF(G5>=10,"Alto",IF(G5>=5,"Médio","Baixo")))) -> Crítico | I5: Política de privacidade publicada no site | J5: Mitigar | K5: Mapear os dados pessoais, nomear um encarregado (DPO), proibir envio de planilhas de clientes por WhatsApp e criar um plano de resposta a incidentes | L5: Diretoria + Jurídico + TI | M5: 90 dias | N5: 2 | O5: 4 | P5: =IF(OR(N5="",O5=""),"",N5*O5) -> 8 | Q5: =IF(P5="","",IF(P5>=20,"Crítico",IF(P5>=10,"Alto",IF(P5>=5,"Médio","Baixo")))) -> Médio | R5: Não iniciado
A6: R05 | B6: Como o contrato com a plataforma da loja virtual não define tempo de resposta nem garantia de disponibilidade (SLA), uma queda em datas de pico, como a Black Friday, pode causar grande perda de vendas. | C6: Loja virtual (plataforma terceirizada) | D6: Fornecedores | E6: 3 | F6: 4 | G6: =IF(OR(E6="",F6=""),"",E6*F6) -> 12 | H6: =IF(G6="","",IF(G6>=20,"Crítico",IF(G6>=10,"Alto",IF(G6>=5,"Médio","Baixo")))) -> Alto | I6: Contrato padrão do fornecedor | J6: Transferir | K6: Renegociar o contrato com SLA e multa por indisponibilidade e montar um plano de contingência para as datas de pico | L6: Diretoria Comercial + TI | M6: 90 dias | N6: 2 | O6: 3 | P6: =IF(OR(N6="",O6=""),"",N6*O6) -> 6 | Q6: =IF(P6="","",IF(P6>=20,"Crítico",IF(P6>=10,"Alto",IF(P6>=5,"Médio","Baixo")))) -> Médio | R6: Não iniciado
A7: R06 | B7: Como o RH não avisa o TI de forma padronizada quando alguém sai da empresa, ex-funcionários podem continuar com acesso ao e-mail, ao ERP e às redes sociais da marca. | C7: Contas de usuários | D7: Processos | E7: 3 | F7: 3 | G7: =IF(OR(E7="",F7=""),"",E7*F7) -> 9 | H7: =IF(G7="","",IF(G7>=20,"Crítico",IF(G7>=10,"Alto",IF(G7>=5,"Médio","Baixo")))) -> Médio | I7: RH envia e-mail ao TI quando lembra | J7: Mitigar | K7: Criar um checklist de desligamento entre RH e TI, com bloqueio dos acessos no último dia de trabalho | L7: RH + Coordenação de TI | M7: 30 dias | N7: 1 | O7: 3 | P7: =IF(OR(N7="",O7=""),"",N7*O7) -> 3 | Q7: =IF(P7="","",IF(P7>=20,"Crítico",IF(P7>=10,"Alto",IF(P7>=5,"Médio","Baixo")))) -> Baixo | R7: Não iniciado
A8: R07 | B8: Como as senhas das redes sociais, do marketplace e do gateway de pagamento são fracas e compartilhadas em uma planilha, uma pessoa de fora pode invadir essas contas e aplicar golpes em nome da marca. | C8: Contas de redes sociais, marketplace e gateway | D8: Pessoas | E8: 4 | F8: 4 | G8: =IF(OR(E8="",F8=""),"",E8*F8) -> 16 | H8: =IF(G8="","",IF(G8>=20,"Crítico",IF(G8>=10,"Alto",IF(G8>=5,"Médio","Baixo")))) -> Alto | I8: Nenhum | J8: Mitigar | K8: Implantar um gerenciador de senhas corporativo, trocar todas as senhas e ativar MFA nessas contas | L8: Coordenação de TI + Marketing | M8: 30 dias | N8: 2 | O8: 2 | P8: =IF(OR(N8="",O8=""),"",N8*O8) -> 4 | Q8: =IF(P8="","",IF(P8>=20,"Crítico",IF(P8>=10,"Alto",IF(P8>=5,"Médio","Baixo")))) -> Baixo | R8: Não iniciado
A9: R08 | B9: Como o ERP roda em um servidor antigo e sem garantia do fabricante, uma falha de hardware pode deixar a empresa sem emitir notas fiscais até a peça ser trocada. | C9: Servidor do ERP | D9: Tecnologia | E9: 2 | F9: 4 | G9: =IF(OR(E9="",F9=""),"",E9*F9) -> 8 | H9: =IF(G9="","",IF(G9>=20,"Crítico",IF(G9>=10,"Alto",IF(G9>=5,"Médio","Baixo")))) -> Médio | I9: Nobreak; técnico externo chamado quando há problema | J9: Mitigar | K9: Avaliar a migração do ERP para a nuvem ou contratar manutenção com prazo de atendimento garantido | L9: Coordenação de TI + Financeiro | M9: 120 dias | N9: 1 | O9: 4 | P9: =IF(OR(N9="",O9=""),"",N9*O9) -> 4 | Q9: =IF(P9="","",IF(P9>=20,"Crítico",IF(P9>=10,"Alto",IF(P9>=5,"Médio","Baixo")))) -> Baixo | R9: Não iniciado
A10: R09 | B10: Como não existe regra para o uso de ferramentas de IA generativa, funcionários podem colar dados de clientes ou informações internas em ferramentas públicas, causando exposição de dados. | C10: Dados de clientes e informações internas | D10: Pessoas | E10: 4 | F10: 3 | G10: =IF(OR(E10="",F10=""),"",E10*F10) -> 12 | H10: =IF(G10="","",IF(G10>=20,"Crítico",IF(G10>=10,"Alto",IF(G10>=5,"Médio","Baixo")))) -> Alto | I10: Nenhum | J10: Mitigar | K10: Publicar uma política de uso de IA, indicar as ferramentas aprovadas e orientar as equipes | L10: Coordenação de TI + RH | M10: 45 dias | N10: 2 | O10: 2 | P10: =IF(OR(N10="",O10=""),"",N10*O10) -> 4 | Q10: =IF(P10="","",IF(P10>=20,"Crítico",IF(P10>=10,"Alto",IF(P10>=5,"Médio","Baixo")))) -> Baixo | R10: Não iniciado
A11: R10 | B11: Quedas de energia curtas no escritório podem interromper o trabalho por alguns minutos. Como os equipamentos principais têm nobreak, o impacto é pequeno. | C11: Escritório e equipamentos | D11: Física | E11: 2 | F11: 2 | G11: =IF(OR(E11="",F11=""),"",E11*F11) -> 4 | H11: =IF(G11="","",IF(G11>=20,"Crítico",IF(G11>=10,"Alto",IF(G11>=5,"Médio","Baixo")))) -> Baixo | I11: Nobreak no servidor e no rack de rede | J11: Aceitar | K11: Manter o nobreak e verificar as baterias uma vez por ano | L11: Coordenação de TI | M11: Contínuo | N11: 2 | O11: 2 | P11: =IF(OR(N11="",O11=""),"",N11*O11) -> 4 | Q11: =IF(P11="","",IF(P11>=20,"Crítico",IF(P11>=10,"Alto",IF(P11>=5,"Médio","Baixo")))) -> Baixo | R11: Concluído
A12: R11 | G12: =IF(OR(E12="",F12=""),"",E12*F12) | H12: =IF(G12="","",IF(G12>=20,"Crítico",IF(G12>=10,"Alto",IF(G12>=5,"Médio","Baixo")))) | P12: =IF(OR(N12="",O12=""),"",N12*O12) | Q12: =IF(P12="","",IF(P12>=20,"Crítico",IF(P12>=10,"Alto",IF(P12>=5,"Médio","Baixo"))))
A13: R12 | G13: =IF(OR(E13="",F13=""),"",E13*F13) | H13: =IF(G13="","",IF(G13>=20,"Crítico",IF(G13>=10,"Alto",IF(G13>=5,"Médio","Baixo")))) | P13: =IF(OR(N13="",O13=""),"",N13*O13) | Q13: =IF(P13="","",IF(P13>=20,"Crítico",IF(P13>=10,"Alto",IF(P13>=5,"Médio","Baixo"))))
A14: R13 | G14: =IF(OR(E14="",F14=""),"",E14*F14) | H14: =IF(G14="","",IF(G14>=20,"Crítico",IF(G14>=10,"Alto",IF(G14>=5,"Médio","Baixo")))) | P14: =IF(OR(N14="",O14=""),"",N14*O14) | Q14: =IF(P14="","",IF(P14>=20,"Crítico",IF(P14>=10,"Alto",IF(P14>=5,"Médio","Baixo"))))
A15: R14 | G15: =IF(OR(E15="",F15=""),"",E15*F15) | H15: =IF(G15="","",IF(G15>=20,"Crítico",IF(G15>=10,"Alto",IF(G15>=5,"Médio","Baixo")))) | P15: =IF(OR(N15="",O15=""),"",N15*O15) | Q15: =IF(P15="","",IF(P15>=20,"Crítico",IF(P15>=10,"Alto",IF(P15>=5,"Médio","Baixo"))))
A16: R15 | G16: =IF(OR(E16="",F16=""),"",E16*F16) | H16: =IF(G16="","",IF(G16>=20,"Crítico",IF(G16>=10,"Alto",IF(G16>=5,"Médio","Baixo")))) | P16: =IF(OR(N16="",O16=""),"",N16*O16) | Q16: =IF(P16="","",IF(P16>=20,"Crítico",IF(P16>=10,"Alto",IF(P16>=5,"Médio","Baixo"))))
A17: R16 | G17: =IF(OR(E17="",F17=""),"",E17*F17) | H17: =IF(G17="","",IF(G17>=20,"Crítico",IF(G17>=10,"Alto",IF(G17>=5,"Médio","Baixo")))) | P17: =IF(OR(N17="",O17=""),"",N17*O17) | Q17: =IF(P17="","",IF(P17>=20,"Crítico",IF(P17>=10,"Alto",IF(P17>=5,"Médio","Baixo"))))
A18: R17 | G18: =IF(OR(E18="",F18=""),"",E18*F18) | H18: =IF(G18="","",IF(G18>=20,"Crítico",IF(G18>=10,"Alto",IF(G18>=5,"Médio","Baixo")))) | P18: =IF(OR(N18="",O18=""),"",N18*O18) | Q18: =IF(P18="","",IF(P18>=20,"Crítico",IF(P18>=10,"Alto",IF(P18>=5,"Médio","Baixo"))))
A19: R18 | G19: =IF(OR(E19="",F19=""),"",E19*F19) | H19: =IF(G19="","",IF(G19>=20,"Crítico",IF(G19>=10,"Alto",IF(G19>=5,"Médio","Baixo")))) | P19: =IF(OR(N19="",O19=""),"",N19*O19) | Q19: =IF(P19="","",IF(P19>=20,"Crítico",IF(P19>=10,"Alto",IF(P19>=5,"Médio","Baixo"))))
A20: R19 | G20: =IF(OR(E20="",F20=""),"",E20*F20) | H20: =IF(G20="","",IF(G20>=20,"Crítico",IF(G20>=10,"Alto",IF(G20>=5,"Médio","Baixo")))) | P20: =IF(OR(N20="",O20=""),"",N20*O20) | Q20: =IF(P20="","",IF(P20>=20,"Crítico",IF(P20>=10,"Alto",IF(P20>=5,"Médio","Baixo"))))
A21: R20 | G21: =IF(OR(E21="",F21=""),"",E21*F21) | H21: =IF(G21="","",IF(G21>=20,"Crítico",IF(G21>=10,"Alto",IF(G21>=5,"Médio","Baixo")))) | P21: =IF(OR(N21="",O21=""),"",N21*O21) | Q21: =IF(P21="","",IF(P21>=20,"Crítico",IF(P21>=10,"Alto",IF(P21>=5,"Médio","Baixo"))))

Sheet Mapa de Calor
A1: Mapa de calor – antes do tratamento (risco inerente)
A2: Cada célula mostra quantos riscos estão naquela combinação de probabilidade e impacto.
C3: IMPACTO →
C4: 1 Insignificante | D4: 2 Menor | E4: 3 Moderado | F4: 4 Maior | G4: 5 Catastrófico
A5: PROBABILIDADE ↓ | B5: 5 Quase certa | C5: =COUNTIFS('Matriz de Riscos'!$E$2:$E$21,5,'Matriz de Riscos'!$F$2:$F$21,1) -> 0 | D5: =COUNTIFS('Matriz de Riscos'!$E$2:$E$21,5,'Matriz de Riscos'!$F$2:$F$21,2) -> 0 | E5: =COUNTIFS('Matriz de Riscos'!$E$2:$E$21,5,'Matriz de Riscos'!$F$2:$F$21,3) -> 0 | F5: =COUNTIFS('Matriz de Riscos'!$E$2:$E$21,5,'Matriz de Riscos'!$F$2:$F$21,4) -> 0 | G5: =COUNTIFS('Matriz de Riscos'!$E$2:$E$21,5,'Matriz de Riscos'!$F$2:$F$21,5) -> 0
B6: 4 Provável | C6: =COUNTIFS('Matriz de Riscos'!$E$2:$E$21,4,'Matriz de Riscos'!$F$2:$F$21,1) -> 0 | D6: =COUNTIFS('Matriz de Riscos'!$E$2:$E$21,4,'Matriz de Riscos'!$F$2:$F$21,2) -> 0 | E6: =COUNTIFS('Matriz de Riscos'!$E$2:$E$21,4,'Matriz de Riscos'!$F$2:$F$21,3) -> 1 | F6: =COUNTIFS('Matriz de Riscos'!$E$2:$E$21,4,'Matriz de Riscos'!$F$2:$F$21,4) -> 3 | G6: =COUNTIFS('Matriz de Riscos'!$E$2:$E$21,4,'Matriz de Riscos'!$F$2:$F$21,5) -> 1
B7: 3 Possível | C7: =COUNTIFS('Matriz de Riscos'!$E$2:$E$21,3,'Matriz de Riscos'!$F$2:$F$21,1) -> 0 | D7: =COUNTIFS('Matriz de Riscos'!$E$2:$E$21,3,'Matriz de Riscos'!$F$2:$F$21,2) -> 0 | E7: =COUNTIFS('Matriz de Riscos'!$E$2:$E$21,3,'Matriz de Riscos'!$F$2:$F$21,3) -> 1 | F7: =COUNTIFS('Matriz de Riscos'!$E$2:$E$21,3,'Matriz de Riscos'!$F$2:$F$21,4) -> 1 | G7: =COUNTIFS('Matriz de Riscos'!$E$2:$E$21,3,'Matriz de Riscos'!$F$2:$F$21,5) -> 1
B8: 2 Improvável | C8: =COUNTIFS('Matriz de Riscos'!$E$2:$E$21,2,'Matriz de Riscos'!$F$2:$F$21,1) -> 0 | D8: =COUNTIFS('Matriz de Riscos'!$E$2:$E$21,2,'Matriz de Riscos'!$F$2:$F$21,2) -> 1 | E8: =COUNTIFS('Matriz de Riscos'!$E$2:$E$21,2,'Matriz de Riscos'!$F$2:$F$21,3) -> 0 | F8: =COUNTIFS('Matriz de Riscos'!$E$2:$E$21,2,'Matriz de Riscos'!$F$2:$F$21,4) -> 1 | G8: =COUNTIFS('Matriz de Riscos'!$E$2:$E$21,2,'Matriz de Riscos'!$F$2:$F$21,5) -> 0
B9: 1 Rara | C9: =COUNTIFS('Matriz de Riscos'!$E$2:$E$21,1,'Matriz de Riscos'!$F$2:$F$21,1) -> 0 | D9: =COUNTIFS('Matriz de Riscos'!$E$2:$E$21,1,'Matriz de Riscos'!$F$2:$F$21,2) -> 0 | E9: =COUNTIFS('Matriz de Riscos'!$E$2:$E$21,1,'Matriz de Riscos'!$F$2:$F$21,3) -> 0 | F9: =COUNTIFS('Matriz de Riscos'!$E$2:$E$21,1,'Matriz de Riscos'!$F$2:$F$21,4) -> 0 | G9: =COUNTIFS('Matriz de Riscos'!$E$2:$E$21,1,'Matriz de Riscos'!$F$2:$F$21,5) -> 0
A13: Mapa de calor – depois do tratamento (risco residual)
A14: Cada célula mostra quantos riscos estão naquela combinação de probabilidade e impacto.
C15: IMPACTO →
C16: 1 Insignificante | D16: 2 Menor | E16: 3 Moderado | F16: 4 Maior | G16: 5 Catastrófico
A17: PROBABILIDADE ↓ | B17: 5 Quase certa | C17: =COUNTIFS('Matriz de Riscos'!$N$2:$N$21,5,'Matriz de Riscos'!$O$2:$O$21,1) -> 0 | D17: =COUNTIFS('Matriz de Riscos'!$N$2:$N$21,5,'Matriz de Riscos'!$O$2:$O$21,2) -> 0 | E17: =COUNTIFS('Matriz de Riscos'!$N$2:$N$21,5,'Matriz de Riscos'!$O$2:$O$21,3) -> 0 | F17: =COUNTIFS('Matriz de Riscos'!$N$2:$N$21,5,'Matriz de Riscos'!$O$2:$O$21,4) -> 0 | G17: =COUNTIFS('Matriz de Riscos'!$N$2:$N$21,5,'Matriz de Riscos'!$O$2:$O$21,5) -> 0
B18: 4 Provável | C18: =COUNTIFS('Matriz de Riscos'!$N$2:$N$21,4,'Matriz de Riscos'!$O$2:$O$21,1) -> 0 | D18: =COUNTIFS('Matriz de Riscos'!$N$2:$N$21,4,'Matriz de Riscos'!$O$2:$O$21,2) -> 0 | E18: =COUNTIFS('Matriz de Riscos'!$N$2:$N$21,4,'Matriz de Riscos'!$O$2:$O$21,3) -> 0 | F18: =COUNTIFS('Matriz de Riscos'!$N$2:$N$21,4,'Matriz de Riscos'!$O$2:$O$21,4) -> 0 | G18: =COUNTIFS('Matriz de Riscos'!$N$2:$N$21,4,'Matriz de Riscos'!$O$2:$O$21,5) -> 0
B19: 3 Possível | C19: =COUNTIFS('Matriz de Riscos'!$N$2:$N$21,3,'Matriz de Riscos'!$O$2:$O$21,1) -> 0 | D19: =COUNTIFS('Matriz de Riscos'!$N$2:$N$21,3,'Matriz de Riscos'!$O$2:$O$21,2) -> 0 | E19: =COUNTIFS('Matriz de Riscos'!$N$2:$N$21,3,'Matriz de Riscos'!$O$2:$O$21,3) -> 0 | F19: =COUNTIFS('Matriz de Riscos'!$N$2:$N$21,3,'Matriz de Riscos'!$O$2:$O$21,4) -> 0 | G19: =COUNTIFS('Matriz de Riscos'!$N$2:$N$21,3,'Matriz de Riscos'!$O$2:$O$21,5) -> 0
B20: 2 Improvável | C20: =COUNTIFS('Matriz de Riscos'!$N$2:$N$21,2,'Matriz de Riscos'!$O$2:$O$21,1) -> 0 | D20: =COUNTIFS('Matriz de Riscos'!$N$2:$N$21,2,'Matriz de Riscos'!$O$2:$O$21,2) -> 3 | E20: =COUNTIFS('Matriz de Riscos'!$N$2:$N$21,2,'Matriz de Riscos'!$O$2:$O$21,3) -> 4 | F20: =COUNTIFS('Matriz de Riscos'!$N$2:$N$21,2,'Matriz de Riscos'!$O$2:$O$21,4) -> 1 | G20: =COUNTIFS('Matriz de Riscos'!$N$2:$N$21,2,'Matriz de Riscos'!$O$2:$O$21,5) -> 0
B21: 1 Rara | C21: =COUNTIFS('Matriz de Riscos'!$N$2:$N$21,1,'Matriz de Riscos'!$O$2:$O$21,1) -> 0 | D21: =COUNTIFS('Matriz de Riscos'!$N$2:$N$21,1,'Matriz de Riscos'!$O$2:$O$21,2) -> 0 | E21: =COUNTIFS('Matriz de Riscos'!$N$2:$N$21,1,'Matriz de Riscos'!$O$2:$O$21,3) -> 1 | F21: =COUNTIFS('Matriz de Riscos'!$N$2:$N$21,1,'Matriz de Riscos'!$O$2:$O$21,4) -> 1 | G21: =COUNTIFS('Matriz de Riscos'!$N$2:$N$21,1,'Matriz de Riscos'!$O$2:$O$21,5) -> 0
A24: Resumo por classificação
A25: Classificação | B25: Antes | C25: Depois
A26: Crítico | B26: =COUNTIF('Matriz de Riscos'!$H$2:$H$21,"Crítico") -> 1 | C26: =COUNTIF('Matriz de Riscos'!$Q$2:$Q$21,"Crítico") -> 0
A27: Alto | B27: =COUNTIF('Matriz de Riscos'!$H$2:$H$21,"Alto") -> 6 | C27: =COUNTIF('Matriz de Riscos'!$Q$2:$Q$21,"Alto") -> 0
A28: Médio | B28: =COUNTIF('Matriz de Riscos'!$H$2:$H$21,"Médio") -> 2 | C28: =COUNTIF('Matriz de Riscos'!$Q$2:$Q$21,"Médio") -> 5
A29: Baixo | B29: =COUNTIF('Matriz de Riscos'!$H$2:$H$21,"Baixo") -> 1 | C29: =COUNTIF('Matriz de Riscos'!$Q$2:$Q$21,"Baixo") -> 5
A30: Total | B30: =SUM(B26:B29) -> 10 | C30: =SUM(C26:C29) -> 10
