Workbook

Sheet Instruções
A1: Checklist de Conformidade com a LGPD – Flor de Ipê Cosméticos (empresa fictícia)
A2: Projeto de portfólio em cenário simulado. Base: Lei nº 13.709/2018 (LGPD) e orientações da ANPD.
A4: Como ler esta planilha
A5: 1. A aba 'Checklist' tem 29 perguntas, divididas em 9 temas da LGPD.
A6: 2. Cada pergunta recebeu um status: Atende (1 ponto), Atende parcialmente (0,5 ponto) ou Não atende (0 ponto).
A7: 3. Itens marcados como 'Não se aplica' ficam fora do cálculo.
A8: 4. A aba 'Resumo' calcula automaticamente o percentual de conformidade por tema e o geral.
A9: 5. Cada item tem a situação encontrada, a ação recomendada, o responsável e o prazo.
A11: Legenda de cores
A12: Amarelo = informação preenchida
A13: Cinza = cálculo automático

Sheet Checklist
A1: ID | B1: Tema | C1: Artigo da LGPD | D1: Pergunta | E1: Status | F1: Pontos | G1: Situação encontrada | H1: Ação recomendada | I1: Responsável | J1: Prazo
A2: L01 | B2: 1. Mapeamento dos dados | C2: Art. 37 | D2: A empresa sabe quais dados pessoais coleta, onde eles ficam e quem tem acesso? | E2: Não atende | F2: =IF(E2="Atende",1,IF(E2="Atende parcialmente",0.5,IF(E2="Não atende",0,""))) -> 0 | G2: Não existe mapeamento. Os dados estão espalhados no ERP, no CRM, em planilhas e no WhatsApp. | H2: Fazer o mapeamento de dados (inventário) de todas as áreas | I2: Encarregado + TI | J2: 90 dias
A3: L02 | B3: 1. Mapeamento dos dados | C3: Art. 37 | D3: Existe um registro das atividades de tratamento (o que é feito com cada dado e por quê)? | E3: Não atende | F3: =IF(E3="Atende",1,IF(E3="Atende parcialmente",0.5,IF(E3="Não atende",0,""))) -> 0 | G3: Não existe registro. | H3: Criar o registro das atividades de tratamento a partir do mapeamento | I3: Encarregado | J3: 90 dias
A4: L03 | B4: 1. Mapeamento dos dados | C4: Art. 11 | D4: Os dados pessoais sensíveis (como atestados de saúde de funcionários) estão identificados e protegidos? | E4: Atende parcialmente | F4: =IF(E4="Atende",1,IF(E4="Atende parcialmente",0.5,IF(E4="Não atende",0,""))) -> 0.5 | G4: O RH sabe que guarda atestados, mas eles ficam em pasta comum na rede, sem restrição de acesso. | H4: Restringir a pasta do RH e registrar esses dados como sensíveis | I4: RH + TI | J4: 30 dias
A5: L04 | B5: 2. Bases legais e consentimento | C5: Art. 7 | D5: Cada uso de dados pessoais tem uma base legal definida (contrato, obrigação legal, consentimento etc.)? | E5: Não atende | F5: =IF(E5="Atende",1,IF(E5="Atende parcialmente",0.5,IF(E5="Não atende",0,""))) -> 0 | G5: Nunca foi feita essa análise. | H5: Definir a base legal de cada finalidade no registro de tratamento | I5: Encarregado + Jurídico | J5: 90 dias
A6: L05 | B6: 2. Bases legais e consentimento | C6: Art. 8 | D6: O consentimento para marketing (e-mail e WhatsApp) é livre, claro e registrado? | E6: Atende parcialmente | F6: =IF(E6="Atende",1,IF(E6="Atende parcialmente",0.5,IF(E6="Não atende",0,""))) -> 0.5 | G6: No site, a caixa de aceite já vem marcada. Pelo WhatsApp, o consentimento não é registrado. | H6: Deixar a caixa desmarcada e registrar o aceite também no WhatsApp | I6: Marketing + TI | J6: 60 dias
A7: L06 | B7: 2. Bases legais e consentimento | C7: Art. 6, III | D7: A empresa coleta apenas os dados necessários para cada finalidade? | E7: Atende parcialmente | F7: =IF(E7="Atende",1,IF(E7="Atende parcialmente",0.5,IF(E7="Não atende",0,""))) -> 0.5 | G7: O cadastro da newsletter pede CPF e data de nascimento, que não são necessários. | H7: Reduzir o cadastro da newsletter a nome e e-mail | I7: Marketing | J7: 30 dias
A8: L07 | B8: 3. Transparência e direitos dos titulares | C8: Art. 9 | D8: Existe uma política de privacidade publicada, em linguagem clara? | E8: Atende | F8: =IF(E8="Atende",1,IF(E8="Atende parcialmente",0.5,IF(E8="Não atende",0,""))) -> 1 | G8: Política publicada no site, em linguagem simples. | H8: Atualizar a política após o mapeamento de dados | I8: Jurídico | J8: 120 dias
A9: L08 | B9: 3. Transparência e direitos dos titulares | C9: Art. 18 | D9: Existe um canal para o cliente pedir acesso, correção ou exclusão dos seus dados? | E9: Atende parcialmente | F9: =IF(E9="Atende",1,IF(E9="Atende parcialmente",0.5,IF(E9="Não atende",0,""))) -> 0.5 | G9: Os pedidos chegam pelo SAC, mas não há um fluxo definido para tratá-los. | H9: Criar um formulário próprio e um fluxo de atendimento | I9: Encarregado + SAC | J9: 60 dias
A10: L09 | B10: 3. Transparência e direitos dos titulares | C10: Art. 19 | D10: Os pedidos dos titulares são respondidos dentro do prazo legal (até 15 dias)? | E10: Não atende | F10: =IF(E10="Atende",1,IF(E10="Atende parcialmente",0.5,IF(E10="Não atende",0,""))) -> 0 | G10: Não há controle de prazo; alguns pedidos ficam sem resposta. | H10: Controlar os pedidos em uma planilha ou ferramenta com prazo | I10: Encarregado + SAC | J10: 60 dias
A11: L10 | B11: 3. Transparência e direitos dos titulares | C11: Art. 18, VI | D11: Quando o cliente pede exclusão, os dados são apagados em todos os sistemas? | E11: Atende parcialmente | F11: =IF(E11="Atende",1,IF(E11="Atende parcialmente",0.5,IF(E11="Não atende",0,""))) -> 0.5 | G11: O descadastro remove o cliente da newsletter, mas os dados continuam no CRM. | H11: Incluir o CRM e as planilhas no procedimento de exclusão | I11: TI + SAC | J11: 90 dias
A12: L11 | B12: 4. Encarregado (DPO) | C12: Art. 41 | D12: A empresa nomeou um encarregado pelo tratamento de dados pessoais? | E12: Não atende | F12: =IF(E12="Atende",1,IF(E12="Atende parcialmente",0.5,IF(E12="Não atende",0,""))) -> 0 | G12: Ninguém foi nomeado. | H12: Nomear um encarregado (interno ou terceirizado) | I12: Diretoria | J12: 30 dias
A13: L12 | B13: 4. Encarregado (DPO) | C13: Art. 41, §1º | D13: A identidade e o contato do encarregado estão divulgados no site? | E13: Não atende | F13: =IF(E13="Atende",1,IF(E13="Atende parcialmente",0.5,IF(E13="Não atende",0,""))) -> 0 | G13: Não há essa informação no site. | H13: Publicar nome e e-mail do encarregado na política de privacidade | I13: Encarregado + Marketing | J13: 30 dias
... A30: L29 | B30: 9. Treinamento e cultura | C30: Art. 47 | D30: Os funcionários assinam termo de confidencialidade? | E30: Atende | F30: =IF(E30="Atende",1,IF(E30="Atende parcialmente",0.5,IF(E30="Não atende",0,""))) -> 1 | G30: O termo faz parte do contrato de trabalho. | H30: Manter e revisar quando a política interna for publicada | I30: RH | J30: Contínuo

Sheet Resumo
A1: Tema | B1: Itens avaliados | C1: Atende | D1: Atende parcialmente | E1: Não atende | F1: Conformidade
A2: 1. Mapeamento dos dados | B2: =COUNTIFS(Checklist!$B$2:$B$30,A2,Checklist!$E$2:$E$30,"<>Não se aplica",Checklist!$E$2:$E$30,"<>") -> 3 | C2: =COUNTIFS(Checklist!$B$2:$B$30,A2,Checklist!$E$2:$E$30,"Atende") -> 0 | D2: =COUNTIFS(Checklist!$B$2:$B$30,A2,Checklist!$E$2:$E$30,"Atende parcialmente") -> 1 | E2: =COUNTIFS(Checklist!$B$2:$B$30,A2,Checklist!$E$2:$E$30,"Não atende") -> 2 | F2: =IF(B2=0,"",SUMIF(Checklist!$B$2:$B$30,A2,Checklist!$F$2:$F$30)/B2) -> 0.16666667
A3: 2. Bases legais e consentimento | B3: =COUNTIFS(Checklist!$B$2:$B$30,A3,Checklist!$E$2:$E$30,"<>Não se aplica",Checklist!$E$2:$E$30,"<>") -> 3 | C3: =COUNTIFS(Checklist!$B$2:$B$30,A3,Checklist!$E$2:$E$30,"Atende") -> 0 | D3: =COUNTIFS(Checklist!$B$2:$B$30,A3,Checklist!$E$2:$E$30,"Atende parcialmente") -> 2 | E3: =COUNTIFS(Checklist!$B$2:$B$30,A3,Checklist!$E$2:$E$30,"Não atende") -> 1 | F3: =IF(B3=0,"",SUMIF(Checklist!$B$2:$B$30,A3,Checklist!$F$2:$F$30)/B3) -> 0.33333333
A4: 3. Transparência e direitos dos titulares | B4: =COUNTIFS(Checklist!$B$2:$B$30,A4,Checklist!$E$2:$E$30,"<>Não se aplica",Checklist!$E$2:$E$30,"<>") -> 4 | C4: =COUNTIFS(Checklist!$B$2:$B$30,A4,Checklist!$E$2:$E$30,"Atende") -> 1 | D4: =COUNTIFS(Checklist!$B$2:$B$30,A4,Checklist!$E$2:$E$30,"Atende parcialmente") -> 2 | E4: =COUNTIFS(Checklist!$B$2:$B$30,A4,Checklist!$E$2:$E$30,"Não atende") -> 1 | F4: =IF(B4=0,"",SUMIF(Checklist!$B$2:$B$30,A4,Checklist!$F$2:$F$30)/B4) -> 0.5
A5: 4. Encarregado (DPO) | B5: =COUNTIFS(Checklist!$B$2:$B$30,A5,Checklist!$E$2:$E$30,"<>Não se aplica",Checklist!$E$2:$E$30,"<>") -> 2 | C5: =COUNTIFS(Checklist!$B$2:$B$30,A5,Checklist!$E$2:$E$30,"Atende") -> 0 | D5: =COUNTIFS(Checklist!$B$2:$B$30,A5,Checklist!$E$2:$E$30,"Atende parcialmente") -> 0 | E5: =COUNTIFS(Checklist!$B$2:$B$30,A5,Checklist!$E$2:$E$30,"Não atende") -> 2 | F5: =IF(B5=0,"",SUMIF(Checklist!$B$2:$B$30,A5,Checklist!$F$2:$F$30)/B5) -> 0
A6: 5. Segurança da informação | B6: =COUNTIFS(Checklist!$B$2:$B$30,A6,Checklist!$E$2:$E$30,"<>Não se aplica",Checklist!$E$2:$E$30,"<>") -> 6 | C6: =COUNTIFS(Checklist!$B$2:$B$30,A6,Checklist!$E$2:$E$30,"Atende") -> 0 | D6: =COUNTIFS(Checklist!$B$2:$B$30,A6,Checklist!$E$2:$E$30,"Atende parcialmente") -> 3 | E6: =COUNTIFS(Checklist!$B$2:$B$30,A6,Checklist!$E$2:$E$30,"Não atende") -> 3 | F6: =IF(B6=0,"",SUMIF(Checklist!$B$2:$B$30,A6,Checklist!$F$2:$F$30)/B6) -> 0.25
A7: 6. Fornecedores e compartilhamento | B7: =COUNTIFS(Checklist!$B$2:$B$30,A7,Checklist!$E$2:$E$30,"<>Não se aplica",Checklist!$E$2:$E$30,"<>") -> 3 | C7: =COUNTIFS(Checklist!$B$2:$B$30,A7,Checklist!$E$2:$E$30,"Atende") -> 0 | D7: =COUNTIFS(Checklist!$B$2:$B$30,A7,Checklist!$E$2:$E$30,"Atende parcialmente") -> 2 | E7: =COUNTIFS(Checklist!$B$2:$B$30,A7,Checklist!$E$2:$E$30,"Não atende") -> 1 | F7: =IF(B7=0,"",SUMIF(Checklist!$B$2:$B$30,A7,Checklist!$F$2:$F$30)/B7) -> 0.33333333
A8: 7. Incidentes de segurança | B8: =COUNTIFS(Checklist!$B$2:$B$30,A8,Checklist!$E$2:$E$30,"<>Não se aplica",Checklist!$E$2:$E$30,"<>") -> 3 | C8: =COUNTIFS(Checklist!$B$2:$B$30,A8,Checklist!$E$2:$E$30,"Atende") -> 0 | D8: =COUNTIFS(Checklist!$B$2:$B$30,A8,Checklist!$E$2:$E$30,"Atende parcialmente") -> 0 | E8: =COUNTIFS(Checklist!$B$2:$B$30,A8,Checklist!$E$2:$E$30,"Não atende") -> 3 | F8: =IF(B8=0,"",SUMIF(Checklist!$B$2:$B$30,A8,Checklist!$F$2:$F$30)/B8) -> 0
A9: 8. Retenção e descarte | B9: =COUNTIFS(Checklist!$B$2:$B$30,A9,Checklist!$E$2:$E$30,"<>Não se aplica",Checklist!$E$2:$E$30,"<>") -> 2 | C9: =COUNTIFS(Checklist!$B$2:$B$30,A9,Checklist!$E$2:$E$30,"Atende") -> 0 | D9: =COUNTIFS(Checklist!$B$2:$B$30,A9,Checklist!$E$2:$E$30,"Atende parcialmente") -> 1 | E9: =COUNTIFS(Checklist!$B$2:$B$30,A9,Checklist!$E$2:$E$30,"Não atende") -> 1 | F9: =IF(B9=0,"",SUMIF(Checklist!$B$2:$B$30,A9,Checklist!$F$2:$F$30)/B9) -> 0.25
A10: 9. Treinamento e cultura | B10: =COUNTIFS(Checklist!$B$2:$B$30,A10,Checklist!$E$2:$E$30,"<>Não se aplica",Checklist!$E$2:$E$30,"<>") -> 3 | C10: =COUNTIFS(Checklist!$B$2:$B$30,A10,Checklist!$E$2:$E$30,"Atende") -> 1 | D10: =COUNTIFS(Checklist!$B$2:$B$30,A10,Checklist!$E$2:$E$30,"Atende parcialmente") -> 0 | E10: =COUNTIFS(Checklist!$B$2:$B$30,A10,Checklist!$E$2:$E$30,"Não atende") -> 2 | F10: =IF(B10=0,"",SUMIF(Checklist!$B$2:$B$30,A10,Checklist!$F$2:$F$30)/B10) -> 0.33333333
A11: TOTAL GERAL | B11: =SUM(B2:B10) -> 29 | C11: =SUM(C2:C10) -> 2 | D11: =SUM(D2:D10) -> 11 | E11: =SUM(E2:E10) -> 16 | F11: =IF(B11=0,"",SUM(Checklist!$F$2:$F$30)/B11) -> 0.25862069
A13: Cálculo: Atende = 1 ponto; Atende parcialmente = 0,5; Não atende = 0. Conformidade = pontos ÷ itens avaliados.
A14: Faixas: abaixo de 40% = baixa (vermelho); 40% a 69% = em desenvolvimento (amarelo); 70% ou mais = boa (verde).
